{"cameraMode":{"drawMode":0,"name":"Shaded","section":"Shading Mode"},"sceneLighting":true,"audioPlay":false,"sceneViewState":{"m_AlwaysRefresh":false,"showFog":true,"showSkybox":true,"showFlares":true,"showImageEffects":true,"showParticleSystems":true,"showVisualEffectGraphs":true,"m_FxEnabled":true},"in2DMode":false,"pivot":{"x":-6.024862289428711,"y":15.826025009155274,"z":103.77665710449219},"rotation":{"x":0.06653279066085816,"y":0.9170553088188171,"z":-0.17255200445652009,"w":0.3533596098423004},"size":25.139680862426759,"orthographic":false}