{"cameraMode":{"drawMode":0,"name":"Shaded","section":"Shading Mode"},"sceneLighting":true,"audioPlay":false,"sceneViewState":{"m_AlwaysRefresh":false,"showFog":true,"showSkybox":true,"showFlares":true,"showImageEffects":true,"showParticleSystems":true,"showVisualEffectGraphs":true,"m_FxEnabled":true},"in2DMode":false,"pivot":{"x":-55.68046569824219,"y":-9.372589111328125,"z":-67.86943817138672},"rotation":{"x":0.0016158618964254857,"y":-0.9933124780654907,"z":0.11463476717472077,"w":0.014018068090081215},"size":66.98802947998047,"orthographic":false}